avg_mom_change,mom_change,month,num_months,source,stddev_mom_change,total_fees
-0.2000364847598977,-0.8092532028986682,2025-04-01,13,vrf,0.3264807933089926,601.972775963584
-0.22488871694468884,-0.9943000816458846,2025-04-01,13,ocr,0.4220851758247612,952.8205267002907
-0.20680156483493575,-1.0,2025-04-01,13,fm,0.4125979096898826,0.0
0.013879891084353104,-0.8414046432787797,2025-04-01,13,ccip,0.6556649299544993,9110.896587139845
-0.07127784895166152,-0.7702141873588317,2025-04-01,13,automation,0.5023992475438807,4544.474303861094
-0.20680156483493575,0.25617427856147834,2025-03-01,13,fm,0.4125979096898826,85926.79060537752
-0.07127784895166152,-0.40154507345219503,2025-03-01,13,automation,0.5023992475438807,19777.001250106376
0.013879891084353104,-0.10484491188809601,2025-03-01,13,ccip,0.6556649299544993,57447.43588650599
-0.22488871694468884,0.06037275997156431,2025-03-01,13,ocr,0.4220851758247612,167163.89034104935
-0.2000364847598977,-0.2646928137823519,2025-03-01,13,vrf,0.3264807933089926,3155.8735722508286
-0.2000364847598977,-0.5257865379916601,2025-02-01,13,vrf,0.3264807933089926,4291.9117770143785
-0.22488871694468884,0.15062301461652075,2025-02-01,13,ocr,0.4220851758247612,157646.3453715391
-0.20680156483493575,0.36523795139918963,2025-02-01,13,fm,0.4125979096898826,68403.5583850495
0.013879891084353104,-0.6311534608760458,2025-02-01,13,ccip,0.6556649299544993,64175.958612575574
-0.07127784895166152,-0.6812925661107363,2025-02-01,13,automation,0.5023992475438807,33046.76822395007
-0.20680156483493575,-0.22714539357474386,2025-01-01,13,fm,0.4125979096898826,50103.76272864729
-0.07127784895166152,-0.20517980093007138,2025-01-01,13,automation,0.5023992475438807,103689.98244148995
0.013879891084353104,-0.12167336452786731,2025-01-01,13,ccip,0.6556649299544993,173990.94692605664
-0.2000364847598977,-0.38452669131636413,2025-01-01,13,vrf,0.3264807933089926,9050.590337182155
-0.22488871694468884,0.19092787393849786,2025-01-01,13,ocr,0.4220851758247612,137009.5534062296
-0.2000364847598977,0.328464958697289,2024-12-01,13,vrf,0.3264807933089926,14705.08990315016
-0.22488871694468884,-0.048202753590645075,2024-12-01,13,ocr,0.4220851758247612,115044.37540212033
-0.20680156483493575,0.02453570299971063,2024-12-01,13,fm,0.4125979096898826,64829.48061912457
0.013879891084353104,0.45398756083029956,2024-12-01,13,ccip,0.6556649299544993,198093.67028079496
-0.07127784895166152,-0.040973668251601744,2024-12-01,13,automation,0.5023992475438807,130457.15567221922
-0.2000364847598977,-0.0543140174296398,2024-11-01,13,vrf,0.3264807933089926,11069.234312036482
-0.22488871694468884,-0.19056639417496707,2024-11-01,13,ocr,0.4220851758247612,120870.67475360328
-0.20680156483493575,-0.04099285262842484,2024-11-01,13,fm,0.4125979096898826,63276.936498466646
0.013879891084353104,1.5885530260665317,2024-11-01,13,ccip,0.6556649299544993,136241.65406729723
-0.07127784895166152,0.1440542305329339,2024-11-01,13,automation,0.5023992475438807,136030.8381047089
-0.22488871694468884,-0.6495386537310466,2024-10-01,13,ocr,0.4220851758247612,149327.47279550272
-0.2000364847598977,0.16000267692917433,2024-10-01,13,vrf,0.3264807933089926,11704.97873083671
-0.20680156483493575,-0.8996570484825048,2024-10-01,13,fm,0.4125979096898826,65981.71522693509
-0.07127784895166152,0.34567451568840296,2024-10-01,13,automation,0.5023992475438807,118902.43877804793
0.013879891084353104,0.6901687970238499,2024-10-01,13,ccip,0.6556649299544993,52632.35973741089
-0.2000364847598977,0.10671098337378555,2024-09-01,13,vrf,0.3264807933089926,10090.475620127707
-0.22488871694468884,-0.635514026642612,2024-09-01,13,ocr,0.4220851758247612,426088.2815901325
-0.20680156483493575,-0.44345157101747984,2024-09-01,13,fm,0.4125979096898826,657562.0332976844
0.013879891084353104,0.23378847064328975,2024-09-01,13,ccip,0.6556649299544993,31140.29783894312
-0.07127784895166152,1.146226471339266,2024-09-01,13,automation,0.5023992475438807,88358.9882931099
-0.2000364847598977,-0.2274201095387645,2024-08-01,13,vrf,0.3264807933089926,9117.534543090103
-0.22488871694468884,0.4140101976805496,2024-08-01,13,ocr,0.4220851758247612,1169011.4647356865
-0.20680156483493575,-0.068916118278822,2024-08-01,13,fm,0.4125979096898826,1181500.1158117307
0.013879891084353104,-0.42888311800822554,2024-08-01,13,ccip,0.6556649299544993,25239.575972619325
-0.07127784895166152,-0.316077272538194,2024-08-01,13,automation,0.5023992475438807,41169.46159832473
0.013879891084353104,-0.1902920127367479,2024-07-01,13,ccip,0.6556649299544993,44193.363510103416
-0.20680156483493575,-0.1734559885097503,2024-07-01,13,fm,0.4125979096898826,1268951.3147060818
-0.07127784895166152,0.06096136707581123,2024-07-01,13,automation,0.5023992475438807,60196.07178593704
-0.22488871694468884,-0.37186914467033644,2024-07-01,13,ocr,0.4220851758247612,826734.8189236944
-0.2000364847598977,-0.44734168568386223,2024-07-01,13,vrf,0.3264807933089926,11801.41323332513
-0.2000364847598977,0.03759575563226836,2024-06-01,13,vrf,0.3264807933089926,21353.905166392473
-0.22488871694468884,-0.5825072355016508,2024-06-01,13,ocr,0.4220851758247612,1316182.4672500717
-0.20680156483493575,-0.3020744024228959,2024-06-01,13,fm,0.4125979096898826,1535249.541543682
0.013879891084353104,-0.27476489451363223,2024-06-01,13,ccip,0.6556649299544993,54579.384426567696
-0.07127784895166152,-0.1314802937326146,2024-06-01,13,automation,0.5023992475438807,56737.28907947665
-0.2000364847598977,-0.3198771331099787,2024-05-01,13,vrf,0.3264807933089926,20580.17782983343
-0.22488871694468884,-0.042100159586256486,2024-05-01,13,ocr,0.4220851758247612,3152587.4917414915
-0.20680156483493575,0.02812666393501333,2024-05-01,13,fm,0.4125979096898826,2199732.3881992646
0.013879891084353104,-0.20692275572233892,2024-05-01,13,ccip,0.6556649299544993,75257.50479213892
-0.07127784895166152,-0.00548790968210738,2024-05-01,13,automation,0.5023992475438807,65326.42687327732
-0.22488871694468884,,2024-04-01,13,ocr,0.4220851758247612,3291145.231196407
-0.20680156483493575,,2024-04-01,13,fm,0.4125979096898826,2139553.8753757165
0.013879891084353104,,2024-04-01,13,ccip,0.6556649299544993,94893.03259568852
-0.2000364847598977,,2024-04-01,13,vrf,0.3264807933089926,30259.499910567378
-0.07127784895166152,,2024-04-01,13,automation,0.5023992475438807,65686.91070653142
